model,horizon,threshold,run_id,start,end,timestamps,alerts,true_alerts,false_alerts,onsets,warned_onsets,location_hours,median_lead_minutes,onset_recall,precision,false_warnings_per_location_day,AP,ap_samples,ap_positive,prevalence
v5,15,0.315,0,202608260150,202608260205,4,0,0,0,0,0,0.75,,,,0.0,,36,0,0.0
v5,15,0.315,1,202608260710,202608260800,11,0,0,0,0,0,6.0,,,,0.0,,99,0,0.0
v5,15,0.315,2,202608261005,202608261405,49,9,6,3,19,6,34.5,10.0,0.3157894736842105,0.6666666666666666,2.0869565217391304,0.6058248477231646,320,60,0.1875
v5,15,0.315,3,202608261540,202608261550,3,0,0,0,0,0,0.0,,,,,,25,0,0.0
v5,15,0.315,4,202608261710,202608270050,93,0,0,0,4,0,67.5,,0.0,,0.0,0.2522120802446185,776,7,0.00902061855670103
v5,15,0.315,5,202608270400,202608270515,16,0,0,0,0,0,9.75,,,,0.0,,144,0,0.0
v5,15,0.315,6,202608270745,202608271855,135,4,4,0,12,4,99.0,10.0,0.3333333333333333,1.0,0.0,0.5094448001060549,1175,30,0.02553191489361702
v5,15,0.315,7,202608272205,202608272215,3,0,0,0,0,0,0.0,,,,,,27,0,0.0
v5,15,0.315,8,202608272320,202608280025,14,0,0,0,0,0,8.25,,,,0.0,,125,0,0.0
v5,15,0.315,9,202608280805,202608280855,11,0,0,0,0,0,6.0,,,,0.0,,99,0,0.0
v5,15,0.315,10,202608281000,202608281110,15,0,0,0,0,0,9.0,,,,0.0,,135,0,0.0
v5,15,0.315,11,202608281425,202608281430,2,0,0,0,0,0,0.0,,,,,,18,0,0.0
v5,15,0.315,12,202608281610,202608281620,3,0,0,0,0,0,0.0,,,,,,27,0,0.0
v5,15,0.315,13,202608281725,202608281940,28,0,0,0,0,0,18.75,,,,0.0,,252,0,0.0
v5,15,0.315,14,202608301535,202608301800,30,0,0,0,0,0,20.25,,,,0.0,,270,0,0.0
v5,15,0.315,15,202608310020,202608310215,24,0,0,0,0,0,15.75,,,,0.0,,216,0,0.0
v5,15,0.315,16,202608311010,202608311110,13,0,0,0,0,0,7.499999999999999,,,,0.0,0.07702702702702703,110,2,0.01818181818181818
v5,15,0.315,17,202608311215,202608311255,9,0,0,0,0,0,4.5,,,,0.0,,81,0,0.0
v5,15,0.315,18,202608311400,202608311420,5,0,0,0,0,0,1.5,,,,0.0,,45,0,0.0
v5,15,0.315,19,202608311700,202608311800,13,0,0,0,0,0,7.499999999999999,,,,0.0,,117,0,0.0
v5,15,0.315,20,202608312115,202608312240,18,0,0,0,0,0,11.25,,,,0.0,,162,0,0.0
v5,15,0.315,21,202608312345,202608312345,1,0,0,0,0,0,0.0,,,,,,9,0,0.0
v5,15,0.315,22,202609010050,202609010130,9,0,0,0,0,0,4.5,,,,0.0,,81,0,0.0
v5,15,0.315,23,202609010445,202609010445,1,0,0,0,0,0,0.0,,,,,,9,0,0.0
v5,15,0.315,24,202609010650,202609010655,2,0,0,0,0,0,0.0,,,,,,18,0,0.0
v5,15,0.315,25,202609011020,202609011055,8,0,0,0,0,0,3.7499999999999996,,,,0.0,,72,0,0.0
v5,15,0.315,26,202609011200,202609011340,21,4,1,3,2,1,13.5,15.0,0.5,0.25,5.333333333333333,0.1619522372805174,184,6,0.03260869565217391
v5,15,0.315,27,202609012020,202609012030,3,0,0,0,0,0,0.0,,,,,,27,0,0.0
v5,15,0.315,28,202609012345,202609020035,11,0,0,0,0,0,6.0,,,,0.0,,99,0,0.0
v5,15,0.315,29,202609020440,202609020845,50,0,0,0,0,0,35.25,,,,0.0,,450,0,0.0
v5,15,0.315,30,202609021055,202609021325,31,1,1,0,5,1,21.0,10.0,0.2,1.0,0.0,0.708246089160446,263,15,0.057034220532319393
v5,15,0.315,31,202609021525,202609021705,21,0,0,0,0,0,13.5,,,,0.0,,189,0,0.0
v5,15,0.315,32,202609021850,202609021910,5,0,0,0,0,0,1.5,,,,0.0,,45,0,0.0
v5,15,0.315,33,202609022015,202609022110,12,0,0,0,0,0,6.75,,,,0.0,,108,0,0.0
v5,15,0.315,34,202609022215,202609022310,12,0,0,0,0,0,6.75,,,,0.0,,108,0,0.0
v5,15,0.315,35,202609030015,202609030055,9,0,0,0,0,0,4.5,,,,0.0,,81,0,0.0
v5,15,0.315,36,202609030445,202609030445,1,0,0,0,0,0,0.0,,,,,,9,0,0.0
v5,15,0.315,37,202609030755,202609031205,51,0,0,0,0,0,36.0,,,,0.0,,459,0,0.0
v5,15,0.315,38,202609031855,202609040020,66,0,0,0,0,0,47.25,,,,0.0,,594,0,0.0
v5,15,0.315,39,202609040205,202609040205,1,0,0,0,0,0,0.0,,,,,,9,0,0.0
v5,15,0.315,40,202609040445,202609040630,22,0,0,0,0,0,14.250000000000002,,,,0.0,,198,0,0.0
v5,15,0.315,41,202609040805,202609040810,2,0,0,0,0,0,0.0,,,,,,18,0,0.0
v5,15,0.315,42,202609051450,202609051530,9,0,0,0,0,0,4.5,,,,0.0,,81,0,0.0
v5,15,0.315,43,202609051735,202609051905,19,0,0,0,0,0,12.0,,,,0.0,,171,0,0.0
v5,15,0.315,44,202609052100,202609052315,28,0,0,0,6,0,18.75,,0.0,,0.0,0.08667925078748966,241,12,0.04979253112033195
v5,15,0.315,45,202609060100,202609060155,12,0,0,0,0,0,6.75,,,,0.0,,108,0,0.0
v5,15,0.315,46,202609060535,202609060550,4,0,0,0,0,0,0.75,,,,0.0,,36,0,0.0
v5,15,0.315,47,202609060655,202609060655,1,0,0,0,0,0,0.0,,,,,,9,0,0.0
v5,15,0.315,48,202609060800,202609060810,3,0,0,0,0,0,0.0,,,,,,27,0,0.0
v5,15,0.315,49,202609060915,202609061040,18,0,0,0,0,0,11.25,,,,0.0,,162,0,0.0
v5,15,0.315,50,202609061145,202609061150,2,0,0,0,0,0,0.0,,,,,,18,0,0.0
v5,15,0.315,51,202609061420,202609061425,2,0,0,0,0,0,0.0,,,,,,18,0,0.0
v5,15,0.315,52,202609061530,202609061630,13,0,0,0,0,0,7.499999999999999,,,,0.0,,117,0,0.0
v5,15,0.315,53,202609061945,202609061945,1,0,0,0,0,0,0.0,,,,,,9,0,0.0
v5,15,0.315,54,202609062050,202609062235,22,0,0,0,0,0,14.250000000000002,,,,0.0,,198,0,0.0
v5,15,0.315,55,202609070435,202609070610,20,0,0,0,0,0,12.749999999999998,,,,0.0,,180,0,0.0
v5,15,0.315,56,202609070810,202609070815,2,0,0,0,0,0,0.0,,,,,,18,0,0.0
v5,15,0.315,57,202609071020,202609071030,3,0,0,0,0,0,0.0,,,,,,27,0,0.0
v5,15,0.315,58,202609071320,202609071325,2,0,0,0,0,0,0.0,,,,,0.5,18,1,0.05555555555555555
v5,15,0.315,59,202609071435,202609071515,9,0,0,0,0,0,4.5,,,,0.0,,81,0,0.0
v5,15,0.315,60,202609071800,202609071805,2,0,0,0,0,0,0.0,,,,,,18,0,0.0
v5,15,0.315,61,202609081035,202609081100,6,0,0,0,0,0,2.25,,,,0.0,,54,0,0.0
v5,15,0.315,62,202609081210,202609081355,22,0,0,0,0,0,14.250000000000002,,,,0.0,,198,0,0.0
v5,15,0.315,63,202609081510,202609082030,65,0,0,0,0,0,46.5,,,,0.0,,585,0,0.0
v5,15,0.315,64,202609082150,202609082310,17,0,0,0,0,0,10.5,,,,0.0,,153,0,0.0
v5,15,0.315,65,202609091320,202609091350,7,0,0,0,0,0,3.0,,,,0.0,,63,0,0.0
v5,15,0.315,66,202609091510,202609092250,93,0,0,0,0,0,67.5,,,,0.0,,837,0,0.0
v5,15,0.315,67,202609100235,202609100250,4,0,0,0,0,0,0.75,,,,0.0,,36,0,0.0
v5,15,0.315,68,202609100440,202609100615,20,0,0,0,2,0,12.749999999999998,,0.0,,0.0,0.1005326636833486,178,5,0.028089887640449437
v5,15,0.315,69,202609100720,202609100810,11,0,0,0,2,0,6.0,,0.0,,0.0,0.9622222222222222,93,10,0.10752688172043011
v5,15,0.315,70,202609100930,202609101350,53,0,0,0,1,0,37.5,,0.0,,0.0,0.14332825976661592,474,3,0.006329113924050633
v5,15,0.315,71,202609101455,202609101620,18,0,0,0,2,0,11.25,,0.0,,0.0,0.4499390456287008,154,7,0.045454545454545456
v5,15,0.315,72,202609101910,202609101935,6,0,0,0,0,0,2.25,,,,0.0,,54,0,0.0
v5,15,0.315,73,202609102040,202609102130,11,0,0,0,1,0,6.0,,0.0,,0.0,0.06018518518518519,98,3,0.030612244897959183
v5,15,0.315,74,202609102235,202609110015,21,0,0,0,0,0,13.5,,,,0.0,,189,0,0.0
v5,15,0.315,75,202609110305,202609110345,9,0,0,0,0,0,4.5,,,,0.0,,81,0,0.0
v5,15,0.315,76,202609110730,202609110810,9,0,0,0,0,0,4.5,,,,0.0,0.09401709401709402,72,2,0.027777777777777776
v5,15,0.315,77,202609111130,202609111135,2,0,0,0,0,0,0.0,,,,,,16,0,0.0
v5,15,0.315,78,202609111315,202609111315,1,0,0,0,0,0,0.0,,,,,0.2757936507936508,8,3,0.375
v5,15,0.315,79,202609112305,202609112305,1,0,0,0,0,0,0.0,,,,,,9,0,0.0
v5,15,0.315,80,202609120320,202609120325,2,0,0,0,0,0,0.0,,,,,,18,0,0.0
v5,15,0.315,81,202609121010,202609121035,6,3,1,2,3,1,2.25,5.0,0.3333333333333333,0.3333333333333333,21.333333333333332,0.6561185954568307,25,8,0.32
v5,15,0.315,82,202609131235,202609131245,3,0,0,0,0,0,0.0,,,,,,27,0,0.0
v5,15,0.315,83,202609131445,202609131450,2,0,0,0,0,0,0.0,,,,,,18,0,0.0
v5,15,0.315,84,202609140020,202609140025,2,0,0,0,0,0,0.0,,,,,0.3333333333333333,17,1,0.058823529411764705
v5,15,0.315,85,202609140315,202609140335,5,0,0,0,0,0,1.5,,,,0.0,,45,0,0.0
v5,30,0.361,0,202608260150,202608260205,4,0,0,0,0,0,0.0,,,,,,36,0,0.0
v5,30,0.361,1,202608260710,202608260800,11,0,0,0,0,0,3.7499999999999996,,,,0.0,,99,0,0.0
v5,30,0.361,2,202608261005,202608261405,49,8,6,2,18,6,32.25,10.0,0.3333333333333333,0.75,1.4883720930232558,0.6903865685011776,320,114,0.35625
v5,30,0.361,3,202608261540,202608261550,3,0,0,0,0,0,0.0,,,,,0.13094202898550725,25,4,0.16
v5,30,0.361,4,202608261710,202608270050,93,0,0,0,3,0,65.25,,0.0,,0.0,0.17143703854384437,776,10,0.01288659793814433
v5,30,0.361,5,202608270400,202608270515,16,0,0,0,0,0,7.499999999999999,,,,0.0,,144,0,0.0
v5,30,0.361,6,202608270745,202608271855,135,4,4,0,12,4,96.75,10.0,0.3333333333333333,1.0,0.0,0.4000542523880555,1175,57,0.04851063829787234
v5,30,0.361,7,202608272205,202608272215,3,0,0,0,0,0,0.0,,,,,,27,0,0.0
v5,30,0.361,8,202608272320,202608280025,14,0,0,0,0,0,6.0,,,,0.0,0.018206854345165238,125,2,0.016
v5,30,0.361,9,202608280805,202608280855,11,0,0,0,0,0,3.7499999999999996,,,,0.0,,99,0,0.0
v5,30,0.361,10,202608281000,202608281110,15,0,0,0,0,0,6.75,,,,0.0,0.058823529411764705,135,1,0.007407407407407408
v5,30,0.361,11,202608281425,202608281430,2,0,0,0,0,0,0.0,,,,,,18,0,0.0
v5,30,0.361,12,202608281610,202608281620,3,0,0,0,0,0,0.0,,,,,,27,0,0.0
v5,30,0.361,13,202608281725,202608281940,28,0,0,0,0,0,16.5,,,,0.0,,252,0,0.0
v5,30,0.361,14,202608301535,202608301800,30,0,0,0,0,0,18.0,,,,0.0,,270,0,0.0
v5,30,0.361,15,202608310020,202608310215,24,0,0,0,0,0,13.5,,,,0.0,,216,0,0.0
v5,30,0.361,16,202608311010,202608311110,13,0,0,0,0,0,5.25,,,,0.0,0.07702702702702703,110,2,0.01818181818181818
v5,30,0.361,17,202608311215,202608311255,9,0,0,0,0,0,2.25,,,,0.0,,81,0,0.0
v5,30,0.361,18,202608311400,202608311420,5,0,0,0,0,0,0.0,,,,,,45,0,0.0
v5,30,0.361,19,202608311700,202608311800,13,0,0,0,0,0,5.25,,,,0.0,,117,0,0.0
v5,30,0.361,20,202608312115,202608312240,18,0,0,0,0,0,9.0,,,,0.0,,162,0,0.0
v5,30,0.361,21,202608312345,202608312345,1,0,0,0,0,0,0.0,,,,,,9,0,0.0
v5,30,0.361,22,202609010050,202609010130,9,0,0,0,0,0,2.25,,,,0.0,,81,0,0.0
v5,30,0.361,23,202609010445,202609010445,1,0,0,0,0,0,0.0,,,,,,9,0,0.0
v5,30,0.361,24,202609010650,202609010655,2,0,0,0,0,0,0.0,,,,,,18,0,0.0
v5,30,0.361,25,202609011020,202609011055,8,0,0,0,0,0,1.5,,,,0.0,0.021532091097308487,72,2,0.027777777777777776
v5,30,0.361,26,202609011200,202609011340,21,4,1,3,2,1,11.25,15.0,0.5,0.25,6.4,0.24036321912383032,184,12,0.06521739130434782
v5,30,0.361,27,202609012020,202609012030,3,0,0,0,0,0,0.0,,,,,,27,0,0.0
v5,30,0.361,28,202609012345,202609020035,11,0,0,0,0,0,3.7499999999999996,,,,0.0,,99,0,0.0
v5,30,0.361,29,202609020440,202609020845,50,0,0,0,0,0,33.0,,,,0.0,0.002898550724637681,450,1,0.0022222222222222222
v5,30,0.361,30,202609021055,202609021325,31,1,1,0,5,1,18.75,10.0,0.2,1.0,0.0,0.6434222209204943,263,30,0.11406844106463879
v5,30,0.361,31,202609021525,202609021705,21,0,0,0,0,0,11.25,,,,0.0,,189,0,0.0
v5,30,0.361,32,202609021850,202609021910,5,0,0,0,0,0,0.0,,,,,,45,0,0.0
v5,30,0.361,33,202609022015,202609022110,12,0,0,0,0,0,4.5,,,,0.0,,108,0,0.0
v5,30,0.361,34,202609022215,202609022310,12,0,0,0,0,0,4.5,,,,0.0,,108,0,0.0
v5,30,0.361,35,202609030015,202609030055,9,0,0,0,0,0,2.25,,,,0.0,,81,0,0.0
v5,30,0.361,36,202609030445,202609030445,1,0,0,0,0,0,0.0,,,,,,9,0,0.0
v5,30,0.361,37,202609030755,202609031205,51,0,0,0,0,0,33.75,,,,0.0,,459,0,0.0
v5,30,0.361,38,202609031855,202609040020,66,0,0,0,0,0,45.0,,,,0.0,,594,0,0.0
v5,30,0.361,39,202609040205,202609040205,1,0,0,0,0,0,0.0,,,,,,9,0,0.0
v5,30,0.361,40,202609040445,202609040630,22,0,0,0,0,0,12.0,,,,0.0,,198,0,0.0
v5,30,0.361,41,202609040805,202609040810,2,0,0,0,0,0,0.0,,,,,,18,0,0.0
v5,30,0.361,42,202609051450,202609051530,9,0,0,0,0,0,2.25,,,,0.0,,81,0,0.0
v5,30,0.361,43,202609051735,202609051905,19,0,0,0,0,0,9.75,,,,0.0,,171,0,0.0
v5,30,0.361,44,202609052100,202609052315,28,0,0,0,5,0,16.5,,0.0,,0.0,0.17112571450903075,241,18,0.07468879668049792
v5,30,0.361,45,202609060100,202609060155,12,0,0,0,0,0,4.5,,,,0.0,,108,0,0.0
v5,30,0.361,46,202609060535,202609060550,4,0,0,0,0,0,0.0,,,,,,36,0,0.0
v5,30,0.361,47,202609060655,202609060655,1,0,0,0,0,0,0.0,,,,,,9,0,0.0
v5,30,0.361,48,202609060800,202609060810,3,0,0,0,0,0,0.0,,,,,,27,0,0.0
v5,30,0.361,49,202609060915,202609061040,18,0,0,0,0,0,9.0,,,,0.0,,162,0,0.0
v5,30,0.361,50,202609061145,202609061150,2,0,0,0,0,0,0.0,,,,,,18,0,0.0
v5,30,0.361,51,202609061420,202609061425,2,0,0,0,0,0,0.0,,,,,,18,0,0.0
v5,30,0.361,52,202609061530,202609061630,13,0,0,0,0,0,5.25,,,,0.0,,117,0,0.0
v5,30,0.361,53,202609061945,202609061945,1,0,0,0,0,0,0.0,,,,,,9,0,0.0
v5,30,0.361,54,202609062050,202609062235,22,0,0,0,0,0,12.0,,,,0.0,,198,0,0.0
v5,30,0.361,55,202609070435,202609070610,20,0,0,0,0,0,10.5,,,,0.0,,180,0,0.0
v5,30,0.361,56,202609070810,202609070815,2,0,0,0,0,0,0.0,,,,,,18,0,0.0
v5,30,0.361,57,202609071020,202609071030,3,0,0,0,0,0,0.0,,,,,,27,0,0.0
v5,30,0.361,58,202609071320,202609071325,2,0,0,0,0,0,0.0,,,,,1.0,18,2,0.1111111111111111
v5,30,0.361,59,202609071435,202609071515,9,0,0,0,0,0,2.25,,,,0.0,,81,0,0.0
v5,30,0.361,60,202609071800,202609071805,2,0,0,0,0,0,0.0,,,,,,18,0,0.0
v5,30,0.361,61,202609081035,202609081100,6,0,0,0,0,0,0.0,,,,,,54,0,0.0
v5,30,0.361,62,202609081210,202609081355,22,0,0,0,0,0,12.0,,,,0.0,,198,0,0.0
v5,30,0.361,63,202609081510,202609082030,65,0,0,0,0,0,44.25,,,,0.0,,585,0,0.0
v5,30,0.361,64,202609082150,202609082310,17,0,0,0,0,0,8.25,,,,0.0,,153,0,0.0
v5,30,0.361,65,202609091320,202609091350,7,0,0,0,0,0,0.75,,,,0.0,,63,0,0.0
v5,30,0.361,66,202609091510,202609092250,93,0,0,0,0,0,65.25,,,,0.0,,837,0,0.0
v5,30,0.361,67,202609100235,202609100250,4,0,0,0,0,0,0.0,,,,,,36,0,0.0
v5,30,0.361,68,202609100440,202609100615,20,0,0,0,1,0,10.5,,0.0,,0.0,0.3015231681898349,178,9,0.05056179775280899
v5,30,0.361,69,202609100720,202609100810,11,0,0,0,2,0,3.7499999999999996,,0.0,,0.0,0.7871897546897546,93,16,0.17204301075268819
v5,30,0.361,70,202609100930,202609101350,53,0,0,0,1,0,35.25,,0.0,,0.0,0.3232187534868969,474,7,0.014767932489451477
v5,30,0.361,71,202609101455,202609101620,18,0,0,0,2,0,9.0,,0.0,,0.0,0.5285260545976729,154,13,0.08441558441558442
v5,30,0.361,72,202609101910,202609101935,6,0,0,0,0,0,0.0,,,,,,54,0,0.0
v5,30,0.361,73,202609102040,202609102130,11,0,0,0,0,0,3.7499999999999996,,,,0.0,0.25159793961125815,98,5,0.05102040816326531
v5,30,0.361,74,202609102235,202609110015,21,0,0,0,0,0,11.25,,,,0.0,,189,0,0.0
v5,30,0.361,75,202609110305,202609110345,9,0,0,0,0,0,2.25,,,,0.0,,81,0,0.0
v5,30,0.361,76,202609110730,202609110810,9,0,0,0,0,0,2.25,,,,0.0,0.27712556594544174,72,7,0.09722222222222222
v5,30,0.361,77,202609111130,202609111135,2,0,0,0,0,0,0.0,,,,,0.09090909090909091,16,1,0.0625
v5,30,0.361,78,202609111315,202609111315,1,0,0,0,0,0,0.0,,,,,0.2757936507936508,8,3,0.375
v5,30,0.361,79,202609112305,202609112305,1,0,0,0,0,0,0.0,,,,,,9,0,0.0
v5,30,0.361,80,202609120320,202609120325,2,0,0,0,0,0,0.0,,,,,,18,0,0.0
v5,30,0.361,81,202609121010,202609121035,6,0,0,0,0,0,0.0,,,,,0.67680571062924,25,12,0.48
v5,30,0.361,82,202609131235,202609131245,3,0,0,0,0,0,0.0,,,,,,27,0,0.0
v5,30,0.361,83,202609131445,202609131450,2,0,0,0,0,0,0.0,,,,,0.10795454545454546,18,2,0.1111111111111111
v5,30,0.361,84,202609140020,202609140025,2,0,0,0,0,0,0.0,,,,,0.3333333333333333,17,1,0.058823529411764705
v5,30,0.361,85,202609140315,202609140335,5,0,0,0,0,0,0.0,,,,,,45,0,0.0
v5,60,0.301,0,202608260150,202608260205,4,0,0,0,0,0,0.0,,,,,,36,0,0.0
v5,60,0.301,1,202608260710,202608260800,11,0,0,0,0,0,0.0,,,,,,99,0,0.0
v5,60,0.301,2,202608261005,202608261405,49,9,9,0,17,9,27.749999999999996,20.0,0.5294117647058824,1.0,0.0,0.8867153554580199,320,202,0.63125
v5,60,0.301,3,202608261540,202608261550,3,0,0,0,0,0,0.0,,,,,0.6770125988359151,25,18,0.72
v5,60,0.301,4,202608261710,202608270050,93,0,0,0,2,0,60.75,,0.0,,0.0,0.1088820930168772,776,16,0.020618556701030927
v5,60,0.301,5,202608270400,202608270515,16,0,0,0,0,0,3.0,,,,0.0,,144,0,0.0
v5,60,0.301,6,202608270745,202608271855,135,6,4,2,12,4,92.25,12.5,0.3333333333333333,0.6666666666666666,0.5203252032520326,0.2753387699150376,1175,111,0.09446808510638298
v5,60,0.301,7,202608272205,202608272215,3,0,0,0,0,0,0.0,,,,,,27,0,0.0
v5,60,0.301,8,202608272320,202608280025,14,0,0,0,0,0,1.5,,,,0.0,0.04848726501378378,125,8,0.064
v5,60,0.301,9,202608280805,202608280855,11,0,0,0,0,0,0.0,,,,,,99,0,0.0
v5,60,0.301,10,202608281000,202608281110,15,0,0,0,0,0,2.25,,,,0.0,0.34869093142112095,135,19,0.14074074074074075
v5,60,0.301,11,202608281425,202608281430,2,0,0,0,0,0,0.0,,,,,,18,0,0.0
v5,60,0.301,12,202608281610,202608281620,3,0,0,0,0,0,0.0,,,,,,27,0,0.0
v5,60,0.301,13,202608281725,202608281940,28,0,0,0,0,0,12.0,,,,0.0,,252,0,0.0
v5,60,0.301,14,202608301535,202608301800,30,0,0,0,0,0,13.5,,,,0.0,,270,0,0.0
v5,60,0.301,15,202608310020,202608310215,24,0,0,0,0,0,9.0,,,,0.0,,216,0,0.0
v5,60,0.301,16,202608311010,202608311110,13,0,0,0,0,0,0.75,,,,0.0,0.06547619047619047,110,2,0.01818181818181818
v5,60,0.301,17,202608311215,202608311255,9,0,0,0,0,0,0.0,,,,,0.07814992025518341,81,3,0.037037037037037035
v5,60,0.301,18,202608311400,202608311420,5,0,0,0,0,0,0.0,,,,,,45,0,0.0
v5,60,0.301,19,202608311700,202608311800,13,0,0,0,0,0,0.75,,,,0.0,,117,0,0.0
v5,60,0.301,20,202608312115,202608312240,18,0,0,0,0,0,4.5,,,,0.0,,162,0,0.0
v5,60,0.301,21,202608312345,202608312345,1,0,0,0,0,0,0.0,,,,,,9,0,0.0
v5,60,0.301,22,202609010050,202609010130,9,0,0,0,0,0,0.0,,,,,,81,0,0.0
v5,60,0.301,23,202609010445,202609010445,1,0,0,0,0,0,0.0,,,,,,9,0,0.0
v5,60,0.301,24,202609010650,202609010655,2,0,0,0,0,0,0.0,,,,,,18,0,0.0
v5,60,0.301,25,202609011020,202609011055,8,0,0,0,0,0,0.0,,,,,0.0677932520388986,72,8,0.1111111111111111
v5,60,0.301,26,202609011200,202609011340,21,0,0,0,2,0,6.75,,0.0,,0.0,0.22292246212299574,184,24,0.13043478260869565
v5,60,0.301,27,202609012020,202609012030,3,0,0,0,0,0,0.0,,,,,,27,0,0.0
v5,60,0.301,28,202609012345,202609020035,11,0,0,0,0,0,0.0,,,,,,99,0,0.0
v5,60,0.301,29,202609020440,202609020845,50,0,0,0,0,0,28.500000000000004,,,,0.0,0.012547140694418797,450,7,0.015555555555555555
v5,60,0.301,30,202609021055,202609021325,31,2,2,0,3,1,14.250000000000002,12.5,0.3333333333333333,1.0,0.0,0.5197087885605194,263,49,0.18631178707224336
v5,60,0.301,31,202609021525,202609021705,21,0,0,0,0,0,6.75,,,,0.0,,189,0,0.0
v5,60,0.301,32,202609021850,202609021910,5,0,0,0,0,0,0.0,,,,,,45,0,0.0
v5,60,0.301,33,202609022015,202609022110,12,0,0,0,0,0,0.0,,,,,,108,0,0.0
v5,60,0.301,34,202609022215,202609022310,12,0,0,0,0,0,0.0,,,,,,108,0,0.0
v5,60,0.301,35,202609030015,202609030055,9,0,0,0,0,0,0.0,,,,,,81,0,0.0
v5,60,0.301,36,202609030445,202609030445,1,0,0,0,0,0,0.0,,,,,0.2,9,1,0.1111111111111111
v5,60,0.301,37,202609030755,202609031205,51,0,0,0,0,0,29.25,,,,0.0,,459,0,0.0
v5,60,0.301,38,202609031855,202609040020,66,0,0,0,0,0,40.5,,,,0.0,,594,0,0.0
v5,60,0.301,39,202609040205,202609040205,1,0,0,0,0,0,0.0,,,,,,9,0,0.0
v5,60,0.301,40,202609040445,202609040630,22,0,0,0,0,0,7.499999999999999,,,,0.0,,198,0,0.0
v5,60,0.301,41,202609040805,202609040810,2,0,0,0,0,0,0.0,,,,,,18,0,0.0
v5,60,0.301,42,202609051450,202609051530,9,0,0,0,0,0,0.0,,,,,,81,0,0.0
v5,60,0.301,43,202609051735,202609051905,19,0,0,0,0,0,5.25,,,,0.0,,171,0,0.0
v5,60,0.301,44,202609052100,202609052315,28,0,0,0,5,0,12.0,,0.0,,0.0,0.4590599416403283,241,28,0.11618257261410789
v5,60,0.301,45,202609060100,202609060155,12,0,0,0,0,0,0.0,,,,,,108,0,0.0
v5,60,0.301,46,202609060535,202609060550,4,0,0,0,0,0,0.0,,,,,,36,0,0.0
v5,60,0.301,47,202609060655,202609060655,1,0,0,0,0,0,0.0,,,,,,9,0,0.0
v5,60,0.301,48,202609060800,202609060810,3,0,0,0,0,0,0.0,,,,,,27,0,0.0
v5,60,0.301,49,202609060915,202609061040,18,0,0,0,0,0,4.5,,,,0.0,,162,0,0.0
v5,60,0.301,50,202609061145,202609061150,2,0,0,0,0,0,0.0,,,,,,18,0,0.0
v5,60,0.301,51,202609061420,202609061425,2,0,0,0,0,0,0.0,,,,,,18,0,0.0
v5,60,0.301,52,202609061530,202609061630,13,0,0,0,0,0,0.75,,,,0.0,,117,0,0.0
v5,60,0.301,53,202609061945,202609061945,1,0,0,0,0,0,0.0,,,,,,9,0,0.0
v5,60,0.301,54,202609062050,202609062235,22,0,0,0,0,0,7.499999999999999,,,,0.0,,198,0,0.0
v5,60,0.301,55,202609070435,202609070610,20,0,0,0,0,0,6.0,,,,0.0,,180,0,0.0
v5,60,0.301,56,202609070810,202609070815,2,0,0,0,0,0,0.0,,,,,,18,0,0.0
v5,60,0.301,57,202609071020,202609071030,3,0,0,0,0,0,0.0,,,,,,27,0,0.0
v5,60,0.301,58,202609071320,202609071325,2,0,0,0,0,0,0.0,,,,,1.0,18,2,0.1111111111111111
v5,60,0.301,59,202609071435,202609071515,9,0,0,0,0,0,0.0,,,,,,81,0,0.0
v5,60,0.301,60,202609071800,202609071805,2,0,0,0,0,0,0.0,,,,,,18,0,0.0
v5,60,0.301,61,202609081035,202609081100,6,0,0,0,0,0,0.0,,,,,,54,0,0.0
v5,60,0.301,62,202609081210,202609081355,22,0,0,0,0,0,7.499999999999999,,,,0.0,,198,0,0.0
v5,60,0.301,63,202609081510,202609082030,65,0,0,0,0,0,39.75,,,,0.0,,585,0,0.0
v5,60,0.301,64,202609082150,202609082310,17,0,0,0,0,0,3.7499999999999996,,,,0.0,,153,0,0.0
v5,60,0.301,65,202609091320,202609091350,7,0,0,0,0,0,0.0,,,,,,63,0,0.0
v5,60,0.301,66,202609091510,202609092250,93,0,0,0,0,0,60.75,,,,0.0,,837,0,0.0
v5,60,0.301,67,202609100235,202609100250,4,0,0,0,0,0,0.0,,,,,,36,0,0.0
v5,60,0.301,68,202609100440,202609100615,20,0,0,0,0,0,6.0,,,,0.0,0.39178556249984614,178,15,0.08426966292134831
v5,60,0.301,69,202609100720,202609100810,11,0,0,0,0,0,0.0,,,,,0.7808192120457644,93,39,0.41935483870967744
v5,60,0.301,70,202609100930,202609101350,53,2,1,1,1,1,30.750000000000004,15.0,1.0,0.5,0.7804878048780487,0.27382094300915805,474,26,0.05485232067510549
v5,60,0.301,71,202609101455,202609101620,18,0,0,0,1,0,4.5,,0.0,,0.0,0.5383516923921644,154,21,0.13636363636363635
v5,60,0.301,72,202609101910,202609101935,6,0,0,0,0,0,0.0,,,,,,54,0,0.0
v5,60,0.301,73,202609102040,202609102130,11,0,0,0,0,0,0.0,,,,,0.25832442067736183,98,5,0.05102040816326531
v5,60,0.301,74,202609102235,202609110015,21,0,0,0,0,0,6.75,,,,0.0,,189,0,0.0
v5,60,0.301,75,202609110305,202609110345,9,0,0,0,0,0,0.0,,,,,,81,0,0.0
v5,60,0.301,76,202609110730,202609110810,9,0,0,0,0,0,0.0,,,,,0.6858951422118422,72,17,0.2361111111111111
v5,60,0.301,77,202609111130,202609111135,2,0,0,0,0,0,0.0,,,,,0.4232392607392607,16,8,0.5
v5,60,0.301,78,202609111315,202609111315,1,0,0,0,0,0,0.0,,,,,0.5192857142857142,8,5,0.625
v5,60,0.301,79,202609112305,202609112305,1,0,0,0,0,0,0.0,,,,,0.5,9,1,0.1111111111111111
v5,60,0.301,80,202609120320,202609120325,2,0,0,0,0,0,0.0,,,,,0.645104895104895,18,4,0.2222222222222222
v5,60,0.301,81,202609121010,202609121035,6,0,0,0,0,0,0.0,,,,,0.67680571062924,25,12,0.48
v5,60,0.301,82,202609131235,202609131245,3,0,0,0,0,0,0.0,,,,,,27,0,0.0
v5,60,0.301,83,202609131445,202609131450,2,0,0,0,0,0,0.0,,,,,0.10049019607843138,18,2,0.1111111111111111
v5,60,0.301,84,202609140020,202609140025,2,0,0,0,0,0,0.0,,,,,0.2,17,1,0.058823529411764705
v5,60,0.301,85,202609140315,202609140335,5,0,0,0,0,0,0.0,,,,,,45,0,0.0
depth2_spatial,15,0.453,0,202608260150,202608260205,4,0,0,0,0,0,0.75,,,,0.0,,36,0,0.0
depth2_spatial,15,0.453,1,202608260710,202608260800,11,0,0,0,0,0,6.0,,,,0.0,,99,0,0.0
depth2_spatial,15,0.453,2,202608261005,202608261405,49,9,8,1,19,8,34.5,7.5,0.42105263157894735,0.8888888888888888,0.6956521739130435,0.65232363472807,320,60,0.1875
depth2_spatial,15,0.453,3,202608261540,202608261550,3,0,0,0,0,0,0.0,,,,,,25,0,0.0
depth2_spatial,15,0.453,4,202608261710,202608270050,93,3,1,2,4,1,67.5,5.0,0.25,0.3333333333333333,0.7111111111111111,0.2434177977244105,776,7,0.00902061855670103
depth2_spatial,15,0.453,5,202608270400,202608270515,16,0,0,0,0,0,9.75,,,,0.0,,144,0,0.0
depth2_spatial,15,0.453,6,202608270745,202608271855,135,7,5,2,12,5,99.0,5.0,0.4166666666666667,0.7142857142857143,0.48484848484848486,0.43032237279279395,1175,30,0.02553191489361702
depth2_spatial,15,0.453,7,202608272205,202608272215,3,0,0,0,0,0,0.0,,,,,,27,0,0.0
depth2_spatial,15,0.453,8,202608272320,202608280025,14,0,0,0,0,0,8.25,,,,0.0,,125,0,0.0
depth2_spatial,15,0.453,9,202608280805,202608280855,11,0,0,0,0,0,6.0,,,,0.0,,99,0,0.0
depth2_spatial,15,0.453,10,202608281000,202608281110,15,0,0,0,0,0,9.0,,,,0.0,,135,0,0.0
depth2_spatial,15,0.453,11,202608281425,202608281430,2,0,0,0,0,0,0.0,,,,,,18,0,0.0
depth2_spatial,15,0.453,12,202608281610,202608281620,3,0,0,0,0,0,0.0,,,,,,27,0,0.0
depth2_spatial,15,0.453,13,202608281725,202608281940,28,0,0,0,0,0,18.75,,,,0.0,,252,0,0.0
depth2_spatial,15,0.453,14,202608301535,202608301800,30,0,0,0,0,0,20.25,,,,0.0,,270,0,0.0
depth2_spatial,15,0.453,15,202608310020,202608310215,24,0,0,0,0,0,15.75,,,,0.0,,216,0,0.0
depth2_spatial,15,0.453,16,202608311010,202608311110,13,0,0,0,0,0,7.499999999999999,,,,0.0,0.03575870646766169,110,2,0.01818181818181818
depth2_spatial,15,0.453,17,202608311215,202608311255,9,0,0,0,0,0,4.5,,,,0.0,,81,0,0.0
depth2_spatial,15,0.453,18,202608311400,202608311420,5,0,0,0,0,0,1.5,,,,0.0,,45,0,0.0
depth2_spatial,15,0.453,19,202608311700,202608311800,13,0,0,0,0,0,7.499999999999999,,,,0.0,,117,0,0.0
depth2_spatial,15,0.453,20,202608312115,202608312240,18,0,0,0,0,0,11.25,,,,0.0,,162,0,0.0
depth2_spatial,15,0.453,21,202608312345,202608312345,1,0,0,0,0,0,0.0,,,,,,9,0,0.0
depth2_spatial,15,0.453,22,202609010050,202609010130,9,0,0,0,0,0,4.5,,,,0.0,,81,0,0.0
depth2_spatial,15,0.453,23,202609010445,202609010445,1,0,0,0,0,0,0.0,,,,,,9,0,0.0
depth2_spatial,15,0.453,24,202609010650,202609010655,2,0,0,0,0,0,0.0,,,,,,18,0,0.0
depth2_spatial,15,0.453,25,202609011020,202609011055,8,0,0,0,0,0,3.7499999999999996,,,,0.0,,72,0,0.0
depth2_spatial,15,0.453,26,202609011200,202609011340,21,4,2,2,2,2,13.5,5.0,1.0,0.5,3.5555555555555554,0.4031746031746032,184,6,0.03260869565217391
depth2_spatial,15,0.453,27,202609012020,202609012030,3,0,0,0,0,0,0.0,,,,,,27,0,0.0
depth2_spatial,15,0.453,28,202609012345,202609020035,11,0,0,0,0,0,6.0,,,,0.0,,99,0,0.0
depth2_spatial,15,0.453,29,202609020440,202609020845,50,0,0,0,0,0,35.25,,,,0.0,,450,0,0.0
depth2_spatial,15,0.453,30,202609021055,202609021325,31,2,2,0,5,2,21.0,5.0,0.4,1.0,0.0,0.5366437959571964,263,15,0.057034220532319393
depth2_spatial,15,0.453,31,202609021525,202609021705,21,0,0,0,0,0,13.5,,,,0.0,,189,0,0.0
depth2_spatial,15,0.453,32,202609021850,202609021910,5,0,0,0,0,0,1.5,,,,0.0,,45,0,0.0
depth2_spatial,15,0.453,33,202609022015,202609022110,12,0,0,0,0,0,6.75,,,,0.0,,108,0,0.0
depth2_spatial,15,0.453,34,202609022215,202609022310,12,0,0,0,0,0,6.75,,,,0.0,,108,0,0.0
depth2_spatial,15,0.453,35,202609030015,202609030055,9,0,0,0,0,0,4.5,,,,0.0,,81,0,0.0
depth2_spatial,15,0.453,36,202609030445,202609030445,1,0,0,0,0,0,0.0,,,,,,9,0,0.0
depth2_spatial,15,0.453,37,202609030755,202609031205,51,0,0,0,0,0,36.0,,,,0.0,,459,0,0.0
depth2_spatial,15,0.453,38,202609031855,202609040020,66,0,0,0,0,0,47.25,,,,0.0,,594,0,0.0
depth2_spatial,15,0.453,39,202609040205,202609040205,1,0,0,0,0,0,0.0,,,,,,9,0,0.0
depth2_spatial,15,0.453,40,202609040445,202609040630,22,0,0,0,0,0,14.250000000000002,,,,0.0,,198,0,0.0
depth2_spatial,15,0.453,41,202609040805,202609040810,2,0,0,0,0,0,0.0,,,,,,18,0,0.0
depth2_spatial,15,0.453,42,202609051450,202609051530,9,0,0,0,0,0,4.5,,,,0.0,,81,0,0.0
depth2_spatial,15,0.453,43,202609051735,202609051905,19,0,0,0,0,0,12.0,,,,0.0,,171,0,0.0
depth2_spatial,15,0.453,44,202609052100,202609052315,28,0,0,0,6,0,18.75,,0.0,,0.0,0.12482566239111825,241,12,0.04979253112033195
depth2_spatial,15,0.453,45,202609060100,202609060155,12,0,0,0,0,0,6.75,,,,0.0,,108,0,0.0
depth2_spatial,15,0.453,46,202609060535,202609060550,4,0,0,0,0,0,0.75,,,,0.0,,36,0,0.0
depth2_spatial,15,0.453,47,202609060655,202609060655,1,0,0,0,0,0,0.0,,,,,,9,0,0.0
depth2_spatial,15,0.453,48,202609060800,202609060810,3,0,0,0,0,0,0.0,,,,,,27,0,0.0
depth2_spatial,15,0.453,49,202609060915,202609061040,18,0,0,0,0,0,11.25,,,,0.0,,162,0,0.0
depth2_spatial,15,0.453,50,202609061145,202609061150,2,0,0,0,0,0,0.0,,,,,,18,0,0.0
depth2_spatial,15,0.453,51,202609061420,202609061425,2,0,0,0,0,0,0.0,,,,,,18,0,0.0
depth2_spatial,15,0.453,52,202609061530,202609061630,13,0,0,0,0,0,7.499999999999999,,,,0.0,,117,0,0.0
depth2_spatial,15,0.453,53,202609061945,202609061945,1,0,0,0,0,0,0.0,,,,,,9,0,0.0
depth2_spatial,15,0.453,54,202609062050,202609062235,22,0,0,0,0,0,14.250000000000002,,,,0.0,,198,0,0.0
depth2_spatial,15,0.453,55,202609070435,202609070610,20,0,0,0,0,0,12.749999999999998,,,,0.0,,180,0,0.0
depth2_spatial,15,0.453,56,202609070810,202609070815,2,0,0,0,0,0,0.0,,,,,,18,0,0.0
depth2_spatial,15,0.453,57,202609071020,202609071030,3,0,0,0,0,0,0.0,,,,,,27,0,0.0
depth2_spatial,15,0.453,58,202609071320,202609071325,2,0,0,0,0,0,0.0,,,,,0.2,18,1,0.05555555555555555
depth2_spatial,15,0.453,59,202609071435,202609071515,9,0,0,0,0,0,4.5,,,,0.0,,81,0,0.0
depth2_spatial,15,0.453,60,202609071800,202609071805,2,0,0,0,0,0,0.0,,,,,,18,0,0.0
depth2_spatial,15,0.453,61,202609081035,202609081100,6,0,0,0,0,0,2.25,,,,0.0,,54,0,0.0
depth2_spatial,15,0.453,62,202609081210,202609081355,22,0,0,0,0,0,14.250000000000002,,,,0.0,,198,0,0.0
depth2_spatial,15,0.453,63,202609081510,202609082030,65,0,0,0,0,0,46.5,,,,0.0,,585,0,0.0
depth2_spatial,15,0.453,64,202609082150,202609082310,17,0,0,0,0,0,10.5,,,,0.0,,153,0,0.0
depth2_spatial,15,0.453,65,202609091320,202609091350,7,0,0,0,0,0,3.0,,,,0.0,,63,0,0.0
depth2_spatial,15,0.453,66,202609091510,202609092250,93,0,0,0,0,0,67.5,,,,0.0,,837,0,0.0
depth2_spatial,15,0.453,67,202609100235,202609100250,4,0,0,0,0,0,0.75,,,,0.0,,36,0,0.0
depth2_spatial,15,0.453,68,202609100440,202609100615,20,0,0,0,2,0,12.749999999999998,,0.0,,0.0,0.14948222483185652,178,5,0.028089887640449437
depth2_spatial,15,0.453,69,202609100720,202609100810,11,0,0,0,2,0,6.0,,0.0,,0.0,0.8875314228255405,93,10,0.10752688172043011
depth2_spatial,15,0.453,70,202609100930,202609101350,53,1,0,1,1,0,37.5,,0.0,0.0,0.64,0.086467869119913,474,3,0.006329113924050633
depth2_spatial,15,0.453,71,202609101455,202609101620,18,0,0,0,2,0,11.25,,0.0,,0.0,0.25047906486538274,154,7,0.045454545454545456
depth2_spatial,15,0.453,72,202609101910,202609101935,6,0,0,0,0,0,2.25,,,,0.0,,54,0,0.0
depth2_spatial,15,0.453,73,202609102040,202609102130,11,0,0,0,1,0,6.0,,0.0,,0.0,0.11044973544973545,98,3,0.030612244897959183
depth2_spatial,15,0.453,74,202609102235,202609110015,21,0,0,0,0,0,13.5,,,,0.0,,189,0,0.0
depth2_spatial,15,0.453,75,202609110305,202609110345,9,0,0,0,0,0,4.5,,,,0.0,,81,0,0.0
depth2_spatial,15,0.453,76,202609110730,202609110810,9,0,0,0,0,0,4.5,,,,0.0,0.1111111111111111,72,2,0.027777777777777776
depth2_spatial,15,0.453,77,202609111130,202609111135,2,0,0,0,0,0,0.0,,,,,,16,0,0.0
depth2_spatial,15,0.453,78,202609111315,202609111315,1,0,0,0,0,0,0.0,,,,,0.4027777777777778,8,3,0.375
depth2_spatial,15,0.453,79,202609112305,202609112305,1,0,0,0,0,0,0.0,,,,,,9,0,0.0
depth2_spatial,15,0.453,80,202609120320,202609120325,2,0,0,0,0,0,0.0,,,,,,18,0,0.0
depth2_spatial,15,0.453,81,202609121010,202609121035,6,2,1,1,3,1,2.25,5.0,0.3333333333333333,0.5,10.666666666666666,0.6293831168831169,25,8,0.32
depth2_spatial,15,0.453,82,202609131235,202609131245,3,0,0,0,0,0,0.0,,,,,,27,0,0.0
depth2_spatial,15,0.453,83,202609131445,202609131450,2,0,0,0,0,0,0.0,,,,,,18,0,0.0
depth2_spatial,15,0.453,84,202609140020,202609140025,2,0,0,0,0,0,0.0,,,,,0.5,17,1,0.058823529411764705
depth2_spatial,15,0.453,85,202609140315,202609140335,5,0,0,0,0,0,1.5,,,,0.0,,45,0,0.0
depth2_spatial,30,0.499,0,202608260150,202608260205,4,0,0,0,0,0,0.0,,,,,,36,0,0.0
depth2_spatial,30,0.499,1,202608260710,202608260800,11,0,0,0,0,0,3.7499999999999996,,,,0.0,,99,0,0.0
depth2_spatial,30,0.499,2,202608261005,202608261405,49,9,8,1,18,7,32.25,10.0,0.3888888888888889,0.8888888888888888,0.7441860465116279,0.7048139305891533,320,114,0.35625
depth2_spatial,30,0.499,3,202608261540,202608261550,3,0,0,0,0,0,0.0,,,,,0.28809523809523807,25,4,0.16
depth2_spatial,30,0.499,4,202608261710,202608270050,93,3,1,2,3,0,65.25,5.0,0.0,0.3333333333333333,0.735632183908046,0.1726230357285657,776,10,0.01288659793814433
depth2_spatial,30,0.499,5,202608270400,202608270515,16,0,0,0,0,0,7.499999999999999,,,,0.0,,144,0,0.0
depth2_spatial,30,0.499,6,202608270745,202608271855,135,7,5,2,12,5,96.75,5.0,0.4166666666666667,0.7142857142857143,0.49612403100775193,0.3731057761246692,1175,57,0.04851063829787234
depth2_spatial,30,0.499,7,202608272205,202608272215,3,0,0,0,0,0,0.0,,,,,,27,0,0.0
depth2_spatial,30,0.499,8,202608272320,202608280025,14,0,0,0,0,0,6.0,,,,0.0,0.026767330130404943,125,2,0.016
depth2_spatial,30,0.499,9,202608280805,202608280855,11,0,0,0,0,0,3.7499999999999996,,,,0.0,,99,0,0.0
depth2_spatial,30,0.499,10,202608281000,202608281110,15,0,0,0,0,0,6.75,,,,0.0,0.030303030303030304,135,1,0.007407407407407408
depth2_spatial,30,0.499,11,202608281425,202608281430,2,0,0,0,0,0,0.0,,,,,,18,0,0.0
depth2_spatial,30,0.499,12,202608281610,202608281620,3,0,0,0,0,0,0.0,,,,,,27,0,0.0
depth2_spatial,30,0.499,13,202608281725,202608281940,28,0,0,0,0,0,16.5,,,,0.0,,252,0,0.0
depth2_spatial,30,0.499,14,202608301535,202608301800,30,0,0,0,0,0,18.0,,,,0.0,,270,0,0.0
depth2_spatial,30,0.499,15,202608310020,202608310215,24,0,0,0,0,0,13.5,,,,0.0,,216,0,0.0
depth2_spatial,30,0.499,16,202608311010,202608311110,13,0,0,0,0,0,5.25,,,,0.0,0.0304147465437788,110,2,0.01818181818181818
depth2_spatial,30,0.499,17,202608311215,202608311255,9,0,0,0,0,0,2.25,,,,0.0,,81,0,0.0
depth2_spatial,30,0.499,18,202608311400,202608311420,5,0,0,0,0,0,0.0,,,,,,45,0,0.0
depth2_spatial,30,0.499,19,202608311700,202608311800,13,0,0,0,0,0,5.25,,,,0.0,,117,0,0.0
depth2_spatial,30,0.499,20,202608312115,202608312240,18,0,0,0,0,0,9.0,,,,0.0,,162,0,0.0
depth2_spatial,30,0.499,21,202608312345,202608312345,1,0,0,0,0,0,0.0,,,,,,9,0,0.0
depth2_spatial,30,0.499,22,202609010050,202609010130,9,0,0,0,0,0,2.25,,,,0.0,,81,0,0.0
depth2_spatial,30,0.499,23,202609010445,202609010445,1,0,0,0,0,0,0.0,,,,,,9,0,0.0
depth2_spatial,30,0.499,24,202609010650,202609010655,2,0,0,0,0,0,0.0,,,,,,18,0,0.0
depth2_spatial,30,0.499,25,202609011020,202609011055,8,0,0,0,0,0,1.5,,,,0.0,0.0349969567863664,72,2,0.027777777777777776
depth2_spatial,30,0.499,26,202609011200,202609011340,21,1,1,0,2,1,11.25,10.0,0.5,1.0,0.0,0.3386530311686463,184,12,0.06521739130434782
depth2_spatial,30,0.499,27,202609012020,202609012030,3,0,0,0,0,0,0.0,,,,,,27,0,0.0
depth2_spatial,30,0.499,28,202609012345,202609020035,11,0,0,0,0,0,3.7499999999999996,,,,0.0,,99,0,0.0
depth2_spatial,30,0.499,29,202609020440,202609020845,50,0,0,0,0,0,33.0,,,,0.0,0.0029069767441860465,450,1,0.0022222222222222222
depth2_spatial,30,0.499,30,202609021055,202609021325,31,3,3,0,5,3,18.75,10.0,0.6,1.0,0.0,0.5400758175156202,263,30,0.11406844106463879
depth2_spatial,30,0.499,31,202609021525,202609021705,21,0,0,0,0,0,11.25,,,,0.0,,189,0,0.0
depth2_spatial,30,0.499,32,202609021850,202609021910,5,0,0,0,0,0,0.0,,,,,,45,0,0.0
depth2_spatial,30,0.499,33,202609022015,202609022110,12,0,0,0,0,0,4.5,,,,0.0,,108,0,0.0
depth2_spatial,30,0.499,34,202609022215,202609022310,12,0,0,0,0,0,4.5,,,,0.0,,108,0,0.0
depth2_spatial,30,0.499,35,202609030015,202609030055,9,0,0,0,0,0,2.25,,,,0.0,,81,0,0.0
depth2_spatial,30,0.499,36,202609030445,202609030445,1,0,0,0,0,0,0.0,,,,,,9,0,0.0
depth2_spatial,30,0.499,37,202609030755,202609031205,51,0,0,0,0,0,33.75,,,,0.0,,459,0,0.0
depth2_spatial,30,0.499,38,202609031855,202609040020,66,0,0,0,0,0,45.0,,,,0.0,,594,0,0.0
depth2_spatial,30,0.499,39,202609040205,202609040205,1,0,0,0,0,0,0.0,,,,,,9,0,0.0
depth2_spatial,30,0.499,40,202609040445,202609040630,22,0,0,0,0,0,12.0,,,,0.0,,198,0,0.0
depth2_spatial,30,0.499,41,202609040805,202609040810,2,0,0,0,0,0,0.0,,,,,,18,0,0.0
depth2_spatial,30,0.499,42,202609051450,202609051530,9,0,0,0,0,0,2.25,,,,0.0,,81,0,0.0
depth2_spatial,30,0.499,43,202609051735,202609051905,19,0,0,0,0,0,9.75,,,,0.0,,171,0,0.0
depth2_spatial,30,0.499,44,202609052100,202609052315,28,0,0,0,5,0,16.5,,0.0,,0.0,0.16020945136800469,241,18,0.07468879668049792
depth2_spatial,30,0.499,45,202609060100,202609060155,12,0,0,0,0,0,4.5,,,,0.0,,108,0,0.0
depth2_spatial,30,0.499,46,202609060535,202609060550,4,0,0,0,0,0,0.0,,,,,,36,0,0.0
depth2_spatial,30,0.499,47,202609060655,202609060655,1,0,0,0,0,0,0.0,,,,,,9,0,0.0
depth2_spatial,30,0.499,48,202609060800,202609060810,3,0,0,0,0,0,0.0,,,,,,27,0,0.0
depth2_spatial,30,0.499,49,202609060915,202609061040,18,0,0,0,0,0,9.0,,,,0.0,,162,0,0.0
depth2_spatial,30,0.499,50,202609061145,202609061150,2,0,0,0,0,0,0.0,,,,,,18,0,0.0
depth2_spatial,30,0.499,51,202609061420,202609061425,2,0,0,0,0,0,0.0,,,,,,18,0,0.0
depth2_spatial,30,0.499,52,202609061530,202609061630,13,0,0,0,0,0,5.25,,,,0.0,,117,0,0.0
depth2_spatial,30,0.499,53,202609061945,202609061945,1,0,0,0,0,0,0.0,,,,,,9,0,0.0
depth2_spatial,30,0.499,54,202609062050,202609062235,22,0,0,0,0,0,12.0,,,,0.0,,198,0,0.0
depth2_spatial,30,0.499,55,202609070435,202609070610,20,0,0,0,0,0,10.5,,,,0.0,,180,0,0.0
depth2_spatial,30,0.499,56,202609070810,202609070815,2,0,0,0,0,0,0.0,,,,,,18,0,0.0
depth2_spatial,30,0.499,57,202609071020,202609071030,3,0,0,0,0,0,0.0,,,,,,27,0,0.0
depth2_spatial,30,0.499,58,202609071320,202609071325,2,0,0,0,0,0,0.0,,,,,0.5,18,2,0.1111111111111111
depth2_spatial,30,0.499,59,202609071435,202609071515,9,0,0,0,0,0,2.25,,,,0.0,,81,0,0.0
depth2_spatial,30,0.499,60,202609071800,202609071805,2,0,0,0,0,0,0.0,,,,,,18,0,0.0
depth2_spatial,30,0.499,61,202609081035,202609081100,6,0,0,0,0,0,0.0,,,,,,54,0,0.0
depth2_spatial,30,0.499,62,202609081210,202609081355,22,0,0,0,0,0,12.0,,,,0.0,,198,0,0.0
depth2_spatial,30,0.499,63,202609081510,202609082030,65,0,0,0,0,0,44.25,,,,0.0,,585,0,0.0
depth2_spatial,30,0.499,64,202609082150,202609082310,17,0,0,0,0,0,8.25,,,,0.0,,153,0,0.0
depth2_spatial,30,0.499,65,202609091320,202609091350,7,0,0,0,0,0,0.75,,,,0.0,,63,0,0.0
depth2_spatial,30,0.499,66,202609091510,202609092250,93,0,0,0,0,0,65.25,,,,0.0,,837,0,0.0
depth2_spatial,30,0.499,67,202609100235,202609100250,4,0,0,0,0,0,0.0,,,,,,36,0,0.0
depth2_spatial,30,0.499,68,202609100440,202609100615,20,0,0,0,1,0,10.5,,0.0,,0.0,0.1398940777504122,178,9,0.05056179775280899
depth2_spatial,30,0.499,69,202609100720,202609100810,11,0,0,0,2,0,3.7499999999999996,,0.0,,0.0,0.6958931322406774,93,16,0.17204301075268819
depth2_spatial,30,0.499,70,202609100930,202609101350,53,1,0,1,1,0,35.25,,0.0,0.0,0.6808510638297872,0.15048927257029462,474,7,0.014767932489451477
depth2_spatial,30,0.499,71,202609101455,202609101620,18,0,0,0,2,0,9.0,,0.0,,0.0,0.3353797676903713,154,13,0.08441558441558442
depth2_spatial,30,0.499,72,202609101910,202609101935,6,0,0,0,0,0,0.0,,,,,,54,0,0.0
depth2_spatial,30,0.499,73,202609102040,202609102130,11,0,0,0,0,0,3.7499999999999996,,,,0.0,0.20698333924140375,98,5,0.05102040816326531
depth2_spatial,30,0.499,74,202609102235,202609110015,21,0,0,0,0,0,11.25,,,,0.0,,189,0,0.0
depth2_spatial,30,0.499,75,202609110305,202609110345,9,0,0,0,0,0,2.25,,,,0.0,,81,0,0.0
depth2_spatial,30,0.499,76,202609110730,202609110810,9,0,0,0,0,0,2.25,,,,0.0,0.3379644165358451,72,7,0.09722222222222222
depth2_spatial,30,0.499,77,202609111130,202609111135,2,0,0,0,0,0,0.0,,,,,0.2,16,1,0.0625
depth2_spatial,30,0.499,78,202609111315,202609111315,1,0,0,0,0,0,0.0,,,,,0.4027777777777778,8,3,0.375
depth2_spatial,30,0.499,79,202609112305,202609112305,1,0,0,0,0,0,0.0,,,,,,9,0,0.0
depth2_spatial,30,0.499,80,202609120320,202609120325,2,0,0,0,0,0,0.0,,,,,,18,0,0.0
depth2_spatial,30,0.499,81,202609121010,202609121035,6,0,0,0,0,0,0.0,,,,,0.7426556082806084,25,12,0.48
depth2_spatial,30,0.499,82,202609131235,202609131245,3,0,0,0,0,0,0.0,,,,,,27,0,0.0
depth2_spatial,30,0.499,83,202609131445,202609131450,2,0,0,0,0,0,0.0,,,,,0.0900735294117647,18,2,0.1111111111111111
depth2_spatial,30,0.499,84,202609140020,202609140025,2,0,0,0,0,0,0.0,,,,,0.5,17,1,0.058823529411764705
depth2_spatial,30,0.499,85,202609140315,202609140335,5,0,0,0,0,0,0.0,,,,,,45,0,0.0
depth2_spatial,60,0.5630000000000001,0,202608260150,202608260205,4,0,0,0,0,0,0.0,,,,,,36,0,0.0
depth2_spatial,60,0.5630000000000001,1,202608260710,202608260800,11,0,0,0,0,0,0.0,,,,,,99,0,0.0
depth2_spatial,60,0.5630000000000001,2,202608261005,202608261405,49,7,6,1,17,5,27.749999999999996,10.0,0.29411764705882354,0.8571428571428571,0.864864864864865,0.8243754639861808,320,202,0.63125
depth2_spatial,60,0.5630000000000001,3,202608261540,202608261550,3,0,0,0,0,0,0.0,,,,,0.7575042522442352,25,18,0.72
depth2_spatial,60,0.5630000000000001,4,202608261710,202608270050,93,3,1,2,2,0,60.75,5.0,0.0,0.3333333333333333,0.7901234567901234,0.11132364718239224,776,16,0.020618556701030927
depth2_spatial,60,0.5630000000000001,5,202608270400,202608270515,16,0,0,0,0,0,3.0,,,,0.0,,144,0,0.0
depth2_spatial,60,0.5630000000000001,6,202608270745,202608271855,135,6,4,2,12,4,92.25,7.5,0.3333333333333333,0.6666666666666666,0.5203252032520326,0.2619547392950216,1175,111,0.09446808510638298
depth2_spatial,60,0.5630000000000001,7,202608272205,202608272215,3,0,0,0,0,0,0.0,,,,,,27,0,0.0
depth2_spatial,60,0.5630000000000001,8,202608272320,202608280025,14,0,0,0,0,0,1.5,,,,0.0,0.06910173846959025,125,8,0.064
depth2_spatial,60,0.5630000000000001,9,202608280805,202608280855,11,0,0,0,0,0,0.0,,,,,,99,0,0.0
depth2_spatial,60,0.5630000000000001,10,202608281000,202608281110,15,0,0,0,0,0,2.25,,,,0.0,0.2831963070552269,135,19,0.14074074074074075
depth2_spatial,60,0.5630000000000001,11,202608281425,202608281430,2,0,0,0,0,0,0.0,,,,,,18,0,0.0
depth2_spatial,60,0.5630000000000001,12,202608281610,202608281620,3,0,0,0,0,0,0.0,,,,,,27,0,0.0
depth2_spatial,60,0.5630000000000001,13,202608281725,202608281940,28,0,0,0,0,0,12.0,,,,0.0,,252,0,0.0
depth2_spatial,60,0.5630000000000001,14,202608301535,202608301800,30,0,0,0,0,0,13.5,,,,0.0,,270,0,0.0
depth2_spatial,60,0.5630000000000001,15,202608310020,202608310215,24,0,0,0,0,0,9.0,,,,0.0,,216,0,0.0
depth2_spatial,60,0.5630000000000001,16,202608311010,202608311110,13,0,0,0,0,0,0.75,,,,0.0,0.02353266888150609,110,2,0.01818181818181818
depth2_spatial,60,0.5630000000000001,17,202608311215,202608311255,9,0,0,0,0,0,0.0,,,,,0.13347763347763347,81,3,0.037037037037037035
depth2_spatial,60,0.5630000000000001,18,202608311400,202608311420,5,0,0,0,0,0,0.0,,,,,,45,0,0.0
depth2_spatial,60,0.5630000000000001,19,202608311700,202608311800,13,0,0,0,0,0,0.75,,,,0.0,,117,0,0.0
depth2_spatial,60,0.5630000000000001,20,202608312115,202608312240,18,0,0,0,0,0,4.5,,,,0.0,,162,0,0.0
depth2_spatial,60,0.5630000000000001,21,202608312345,202608312345,1,0,0,0,0,0,0.0,,,,,,9,0,0.0
depth2_spatial,60,0.5630000000000001,22,202609010050,202609010130,9,0,0,0,0,0,0.0,,,,,,81,0,0.0
depth2_spatial,60,0.5630000000000001,23,202609010445,202609010445,1,0,0,0,0,0,0.0,,,,,,9,0,0.0
depth2_spatial,60,0.5630000000000001,24,202609010650,202609010655,2,0,0,0,0,0,0.0,,,,,,18,0,0.0
depth2_spatial,60,0.5630000000000001,25,202609011020,202609011055,8,0,0,0,0,0,0.0,,,,,0.11295676993257638,72,8,0.1111111111111111
depth2_spatial,60,0.5630000000000001,26,202609011200,202609011340,21,0,0,0,2,0,6.75,,0.0,,0.0,0.318284304894187,184,24,0.13043478260869565
depth2_spatial,60,0.5630000000000001,27,202609012020,202609012030,3,0,0,0,0,0,0.0,,,,,,27,0,0.0
depth2_spatial,60,0.5630000000000001,28,202609012345,202609020035,11,0,0,0,0,0,0.0,,,,,,99,0,0.0
depth2_spatial,60,0.5630000000000001,29,202609020440,202609020845,50,0,0,0,0,0,28.500000000000004,,,,0.0,0.010135597909364982,450,7,0.015555555555555555
depth2_spatial,60,0.5630000000000001,30,202609021055,202609021325,31,3,3,0,3,2,14.250000000000002,5.0,0.6666666666666666,1.0,0.0,0.5404972472809867,263,49,0.18631178707224336
depth2_spatial,60,0.5630000000000001,31,202609021525,202609021705,21,0,0,0,0,0,6.75,,,,0.0,,189,0,0.0
depth2_spatial,60,0.5630000000000001,32,202609021850,202609021910,5,0,0,0,0,0,0.0,,,,,,45,0,0.0
depth2_spatial,60,0.5630000000000001,33,202609022015,202609022110,12,0,0,0,0,0,0.0,,,,,,108,0,0.0
depth2_spatial,60,0.5630000000000001,34,202609022215,202609022310,12,0,0,0,0,0,0.0,,,,,,108,0,0.0
depth2_spatial,60,0.5630000000000001,35,202609030015,202609030055,9,0,0,0,0,0,0.0,,,,,,81,0,0.0
depth2_spatial,60,0.5630000000000001,36,202609030445,202609030445,1,0,0,0,0,0,0.0,,,,,0.2,9,1,0.1111111111111111
depth2_spatial,60,0.5630000000000001,37,202609030755,202609031205,51,0,0,0,0,0,29.25,,,,0.0,,459,0,0.0
depth2_spatial,60,0.5630000000000001,38,202609031855,202609040020,66,0,0,0,0,0,40.5,,,,0.0,,594,0,0.0
depth2_spatial,60,0.5630000000000001,39,202609040205,202609040205,1,0,0,0,0,0,0.0,,,,,,9,0,0.0
depth2_spatial,60,0.5630000000000001,40,202609040445,202609040630,22,0,0,0,0,0,7.499999999999999,,,,0.0,,198,0,0.0
depth2_spatial,60,0.5630000000000001,41,202609040805,202609040810,2,0,0,0,0,0,0.0,,,,,,18,0,0.0
depth2_spatial,60,0.5630000000000001,42,202609051450,202609051530,9,0,0,0,0,0,0.0,,,,,,81,0,0.0
depth2_spatial,60,0.5630000000000001,43,202609051735,202609051905,19,0,0,0,0,0,5.25,,,,0.0,,171,0,0.0
depth2_spatial,60,0.5630000000000001,44,202609052100,202609052315,28,0,0,0,5,0,12.0,,0.0,,0.0,0.3704558563217874,241,28,0.11618257261410789
depth2_spatial,60,0.5630000000000001,45,202609060100,202609060155,12,0,0,0,0,0,0.0,,,,,,108,0,0.0
depth2_spatial,60,0.5630000000000001,46,202609060535,202609060550,4,0,0,0,0,0,0.0,,,,,,36,0,0.0
depth2_spatial,60,0.5630000000000001,47,202609060655,202609060655,1,0,0,0,0,0,0.0,,,,,,9,0,0.0
depth2_spatial,60,0.5630000000000001,48,202609060800,202609060810,3,0,0,0,0,0,0.0,,,,,,27,0,0.0
depth2_spatial,60,0.5630000000000001,49,202609060915,202609061040,18,0,0,0,0,0,4.5,,,,0.0,,162,0,0.0
depth2_spatial,60,0.5630000000000001,50,202609061145,202609061150,2,0,0,0,0,0,0.0,,,,,,18,0,0.0
depth2_spatial,60,0.5630000000000001,51,202609061420,202609061425,2,0,0,0,0,0,0.0,,,,,,18,0,0.0
depth2_spatial,60,0.5630000000000001,52,202609061530,202609061630,13,0,0,0,0,0,0.75,,,,0.0,,117,0,0.0
depth2_spatial,60,0.5630000000000001,53,202609061945,202609061945,1,0,0,0,0,0,0.0,,,,,,9,0,0.0
depth2_spatial,60,0.5630000000000001,54,202609062050,202609062235,22,0,0,0,0,0,7.499999999999999,,,,0.0,,198,0,0.0
depth2_spatial,60,0.5630000000000001,55,202609070435,202609070610,20,0,0,0,0,0,6.0,,,,0.0,,180,0,0.0
depth2_spatial,60,0.5630000000000001,56,202609070810,202609070815,2,0,0,0,0,0,0.0,,,,,,18,0,0.0
depth2_spatial,60,0.5630000000000001,57,202609071020,202609071030,3,0,0,0,0,0,0.0,,,,,,27,0,0.0
depth2_spatial,60,0.5630000000000001,58,202609071320,202609071325,2,0,0,0,0,0,0.0,,,,,0.8333333333333333,18,2,0.1111111111111111
depth2_spatial,60,0.5630000000000001,59,202609071435,202609071515,9,0,0,0,0,0,0.0,,,,,,81,0,0.0
depth2_spatial,60,0.5630000000000001,60,202609071800,202609071805,2,0,0,0,0,0,0.0,,,,,,18,0,0.0
depth2_spatial,60,0.5630000000000001,61,202609081035,202609081100,6,0,0,0,0,0,0.0,,,,,,54,0,0.0
depth2_spatial,60,0.5630000000000001,62,202609081210,202609081355,22,0,0,0,0,0,7.499999999999999,,,,0.0,,198,0,0.0
depth2_spatial,60,0.5630000000000001,63,202609081510,202609082030,65,0,0,0,0,0,39.75,,,,0.0,,585,0,0.0
depth2_spatial,60,0.5630000000000001,64,202609082150,202609082310,17,0,0,0,0,0,3.7499999999999996,,,,0.0,,153,0,0.0
depth2_spatial,60,0.5630000000000001,65,202609091320,202609091350,7,0,0,0,0,0,0.0,,,,,,63,0,0.0
depth2_spatial,60,0.5630000000000001,66,202609091510,202609092250,93,0,0,0,0,0,60.75,,,,0.0,,837,0,0.0
depth2_spatial,60,0.5630000000000001,67,202609100235,202609100250,4,0,0,0,0,0,0.0,,,,,,36,0,0.0
depth2_spatial,60,0.5630000000000001,68,202609100440,202609100615,20,0,0,0,0,0,6.0,,,,0.0,0.28616949398874,178,15,0.08426966292134831
depth2_spatial,60,0.5630000000000001,69,202609100720,202609100810,11,0,0,0,0,0,0.0,,,,,0.8365066648026284,93,39,0.41935483870967744
depth2_spatial,60,0.5630000000000001,70,202609100930,202609101350,53,0,0,0,1,0,30.750000000000004,,0.0,,0.0,0.22477953624626712,474,26,0.05485232067510549
depth2_spatial,60,0.5630000000000001,71,202609101455,202609101620,18,0,0,0,1,0,4.5,,0.0,,0.0,0.41524679850277724,154,21,0.13636363636363635
depth2_spatial,60,0.5630000000000001,72,202609101910,202609101935,6,0,0,0,0,0,0.0,,,,,,54,0,0.0
depth2_spatial,60,0.5630000000000001,73,202609102040,202609102130,11,0,0,0,0,0,0.0,,,,,0.17396746622553075,98,5,0.05102040816326531
depth2_spatial,60,0.5630000000000001,74,202609102235,202609110015,21,0,0,0,0,0,6.75,,,,0.0,,189,0,0.0
depth2_spatial,60,0.5630000000000001,75,202609110305,202609110345,9,0,0,0,0,0,0.0,,,,,,81,0,0.0
depth2_spatial,60,0.5630000000000001,76,202609110730,202609110810,9,0,0,0,0,0,0.0,,,,,0.5946176768141564,72,17,0.2361111111111111
depth2_spatial,60,0.5630000000000001,77,202609111130,202609111135,2,0,0,0,0,0,0.0,,,,,0.36490592740592737,16,8,0.5
depth2_spatial,60,0.5630000000000001,78,202609111315,202609111315,1,0,0,0,0,0,0.0,,,,,0.46928571428571425,8,5,0.625
depth2_spatial,60,0.5630000000000001,79,202609112305,202609112305,1,0,0,0,0,0,0.0,,,,,0.3333333333333333,9,1,0.1111111111111111
depth2_spatial,60,0.5630000000000001,80,202609120320,202609120325,2,0,0,0,0,0,0.0,,,,,0.6201923076923077,18,4,0.2222222222222222
depth2_spatial,60,0.5630000000000001,81,202609121010,202609121035,6,0,0,0,0,0,0.0,,,,,0.7223483692233692,25,12,0.48
depth2_spatial,60,0.5630000000000001,82,202609131235,202609131245,3,0,0,0,0,0,0.0,,,,,,27,0,0.0
depth2_spatial,60,0.5630000000000001,83,202609131445,202609131450,2,0,0,0,0,0,0.0,,,,,0.0900735294117647,18,2,0.1111111111111111
depth2_spatial,60,0.5630000000000001,84,202609140020,202609140025,2,0,0,0,0,0,0.0,,,,,0.5,17,1,0.058823529411764705
depth2_spatial,60,0.5630000000000001,85,202609140315,202609140335,5,0,0,0,0,0,0.0,,,,,,45,0,0.0
